customer_id,road,suburb,city,postcode,state,country
ID6197211592,CityLink,Docklands,Melbourne,3008,Victoria,Australia
ID0282825849,Queensberry Street,North Melbourne,Melbourne,3051,Victoria,Australia
ID0579391891,Rebecca Walk,Melbourne,Melbourne,3000,Victoria,Australia
ID4544561904,Bourke Street,East Melbourne,Melbourne,3000,Victoria,Australia
ID6231506320,Musicians lane,Southbank,Melbourne,3006,Victoria,Australia
ID0311654900,Main Yarra Trail Capital City Trail,Burnley,Melbourne,3121,Victoria,Australia
ID3394768956,King Street,West Melbourne,Melbourne,3003,Victoria,Australia
ID0774517121,Elizabeth Street,Melbourne,Melbourne,3000,Victoria,Australia
ID4769265355,Main Yarra Trail Capital City Trail,Richmond,Melbourne,3121,Victoria,Australia
ID5301568579,Wurundjeri Way,West Melbourne,Melbourne,3003,Victoria,Australia
ID4283908179,Victoria Street,Abbotsford,Melbourne,3067,Victoria,Australia
ID0589500304,King Street,Melbourne,Melbourne,3000,Victoria,Australia
ID0702352304,Dynon Road,West Melbourne,Melbourne,3003,Victoria,Australia
ID3085953531,Wellington Parade South,Melbourne,Melbourne,3000,Victoria,Australia
ID0589449820,Little Bourke Street,Melbourne,Melbourne,3000,Victoria,Australia
ID0356449717,Byron Street,Collingwood,Melbourne,3066,Victoria,Australia
ID0767733196,Melbourne Museum Car Park,Carlton,Melbourne,3053,Victoria,Australia
ID2180614753,Collins Street,Melbourne,Melbourne,3000,Victoria,Australia
ID0767586831,Albert Street,East Melbourne,Melbourne,3002,Victoria,Australia
ID2020835025,Little Collins Street,Melbourne,Melbourne,3000,Victoria,Australia
ID6167441029,Stevenson Street,Kew,Melbourne,3101,Victoria,Australia
ID1404219802,Hoddle Street,Collingwood,Melbourne,3067,Victoria,Australia
ID2187972536,Swanston Street,Melbourne,Melbourne,3000,Victoria,Australia
ID0129952519,Mollison Street,Abbotsford,Melbourne,3067,Victoria,Australia
ID1888086809,Kernot Road,Parkville,Melbourne,3010,Victoria,Australia
ID3130999251,Burnley Street,Richmond,Melbourne,3121,Victoria,Australia
ID0282854607,Boathouse Road,Kew,Melbourne,3067,Victoria,Australia
ID1479897546,Bridge Road,Richmond,Melbourne,3121,Victoria,Australia
ID0593055535,Lonsdale Street,Melbourne,Melbourne,3000,Victoria,Australia
ID0452381262,Convention Centre Place,South Wharf,Melbourne,3005,Victoria,Australia
ID0576879097,Dight Street,East Melbourne,Melbourne,3000,Victoria,Australia
ID2020813862,Queen Street,Melbourne,Melbourne,3000,Victoria,Australia
ID0076459536,CityLink,North Melbourne,Melbourne,3031,Victoria,Australia
ID1833115014,William Street,West Melbourne,Melbourne,3051,Victoria,Australia
ID0580186550,Childers Street,Kensington,Melbourne,3031,Victoria,Australia
ID0387153095,Rosslyn Street,West Melbourne,Melbourne,3003,Victoria,Australia
ID0207093524,Main Yarra Trail Capital City Trail,Abbotsford,Melbourne,3067,Victoria,Australia
ID6167266626,La Trobe Street,Melbourne,Melbourne,3000,Victoria,Australia
ID0598399382,Masons Lane,Melbourne,Melbourne,3000,Victoria,Australia
ID0781091686,Victoria Street,Richmond,Melbourne,3121,Victoria,Australia
ID3218293544,Queensberry Street,North Melbourne,Melbourne,3051,Victoria,Australia
ID0589473307,Flinders Street,Melbourne,Melbourne,3000,Victoria,Australia
ID5002592919,Jeffcott Street,West Melbourne,Melbourne,3003,Victoria,Australia
ID0588198721,Carpentaria Place,East Melbourne,Melbourne,3002,Victoria,Australia
ID0703556755,D Shed,Melbourne,Melbourne,3000,Victoria,Australia
ID4804855254,Plane Tree Way,North Melbourne,Melbourne,3051,Victoria,Australia
ID0248746951,Miller Street,Richmond,Melbourne,3121,Victoria,Australia
ID0253027653,Main Yarra Trail Capital City Trail,Burnley,Melbourne,3121,Victoria,Australia
ID0634783945,Star Circus,Docklands,Melbourne,3008,Victoria,Australia
ID0589704716,Flinders Street,Melbourne,Melbourne,3000,Victoria,Australia
ID0814816061,Wellington Parade,East Melbourne,Melbourne,3002,Victoria,Australia
ID0277362770,Victoria Street,Abbotsford,Melbourne,3067,Victoria,Australia
ID6167489399,Beckett Street,Melbourne,Melbourne,3000,Victoria,Australia
ID6167440982,Fitzroy Street,Glenaroua,Melbourne,3003,Victoria,Australia
ID0107172471,Riverside Quay,Southbank,Melbourne,3006,Victoria,Australia
ID0582560124,Garden Square,Melbourne,Melbourne,3000,Victoria,Australia
ID2473002367,Main Yarra Trail Capital City Trail,Abbotsford,Melbourne,3067,Victoria,Australia
ID0746912612,Olympic Boulevard,Melbourne,Melbourne,3000,Victoria,Australia
ID3213448169,Franklin Street,Melbourne,Melbourne,3000,Victoria,Australia
ID0250774457,David Street,Richmond,Melbourne,3121,Victoria,Australia
ID0373641803,Blythswood Court,Kew,Melbourne,3121,Victoria,Australia
ID0283255338,Main Yarra Trail Capital City Trail,Abbotsford,Melbourne,3067,Victoria,Australia
ID1283637393,Elizabeth Street,Melbourne,Melbourne,3000,Victoria,Australia
ID0598401527,Elizabeth Street,Melbourne,Melbourne,3000,Victoria,Australia
ID0711334400,Queen Street,Melbourne,Melbourne,3000,Victoria,Australia
ID0457365601,Alexandra Avenue,Melbourne,Melbourne,3004,Victoria,Australia
ID0247417091,Russell Street,Melbourne,Melbourne,3000,Victoria,Australia
ID3106293373,Footscray Road,West Melbourne,Melbourne,3031,Victoria,Australia
ID6167417944,Bourke Street,Melbourne,Melbourne,3000,Victoria,Australia
ID4297530201,King William Street,Fitzroy,Melbourne,3065,Victoria,Australia
ID1725216621,Bouverie Street,Carlton,Melbourne,3053,Victoria,Australia
ID6231506306,Musicians lane,Southbank,Melbourne,3006,Victoria,Australia
ID0304186956,Olympic Boulevard,Melbourne,Melbourne,3000,Victoria,Australia
ID1152560936,Harcourt Street,North Melbourne,Melbourne,3051,Victoria,Australia
ID0746912592,Argyle Place East,Hilldene,Melbourne,3054,Victoria,Australia
ID0317369540,Peel Street,West Melbourne,Melbourne,3050,Victoria,Australia
ID4418536063,Swanston Street,Carlton,Melbourne,3010,Victoria,Australia
ID0598348995,Lonsdale Street,Melbourne,Melbourne,3000,Victoria,Australia
ID0332796790,Mayfield Street,Abbotsford,Melbourne,3067,Victoria,Australia
ID0401416145,North Road,West Melbourne,Melbourne,3003,Victoria,Australia
ID0387704653,Southbank Promenade,Southbank,Melbourne,3006,Victoria,Australia
ID0579501050,Wurundjeri Way,Docklands,Melbourne,3008,Victoria,Australia
ID5402876165,Main Yarra Trail Capital City Trail,Melbourne,Melbourne,3000,Victoria,Australia
ID4716795173,Spencer Street,Docklands,Melbourne,3000,Victoria,Australia
ID0588200381,Carpentaria Place,East Melbourne,Melbourne,3002,Victoria,Australia
ID0131247323,Muir Street,Hawthorn,Melbourne,3122,Victoria,Australia
ID0130040956,Dynon Road,West Melbourne,Melbourne,3031,Victoria,Australia
ID1982456970,Seymour-Pyalong Road,Glenaroua,Melbourne,3012,Victoria,Australia
ID4419686624,Lincoln Square North,Carlton,Melbourne,3010,Victoria,Australia
ID0277366130,Yarra Boulevard,Kew,Melbourne,3101,Victoria,Australia
ID2325395490,Blender Lane,Melbourne,Melbourne,3000,Victoria,Australia
ID0591427998,Queen Street,Melbourne,Melbourne,3000,Victoria,Australia
ID4996764096,Jeffcott Street,West Melbourne,Melbourne,3003,Victoria,Australia
ID3094966837,Arden Street,North Melbourne,Melbourne,3051,Victoria,Australia
ID1277988762,IKEA Pickup,Richmond,Melbourne,3121,Victoria,Australia
ID2948774564,Spring Street,Melbourne,Melbourne,3000,Victoria,Australia
ID0233270890,Johnston Street,Fitzroy,Melbourne,3065,Victoria,Australia
ID0247024616,Flinders Lane,Melbourne,Melbourne,3000,Victoria,Australia
ID6167441023,Elizabeth Street,Melbourne,Melbourne,3000,Victoria,Australia
ID0634783578,Star Circus,Docklands,Melbourne,3008,Victoria,Australia
ID2193369804,River Street,Richmond,Melbourne,3121,Victoria,Australia
ID0298045612,Kavanagh Street,Southbank,Melbourne,3066,Victoria,Australia
ID0349920091,Bridge Road,Richmond,Melbourne,3121,Victoria,Australia
ID6221450539,Victoria Parade,Collingwood,Melbourne,3002,Victoria,Australia
ID0767585458,Doepel Way,Carlton,Melbourne,3002,Victoria,Australia
ID2700682442,Olympic Boulevard,Melbourne,Melbourne,3004,Victoria,Australia
ID0664378464,Hotham Street,Southbank,Melbourne,3005,Victoria,Australia
ID2207663849,Arden Street,North Melbourne,Melbourne,3051,Victoria,Australia
ID0758612178,Collins Street,Docklands,Melbourne,3008,Victoria,Australia
ID0844410211,Bourke Street,Docklands,Melbourne,3008,Victoria,Australia
ID6226013492,Coppin Street,Richmond,Melbourne,3121,Victoria,Australia
ID6282174092,Batman Avenue,Melbourne,Melbourne,3000,Victoria,Australia
ID0579492570,Little Bourke Street,Docklands,Melbourne,3000,Victoria,Australia
ID2086406859,Glasshouse Road,Collingwood,Melbourne,3066,Victoria,Australia
ID1681675856,Cathedral Place,East Melbourne,Melbourne,3002,Victoria,Australia
ID2189358918,Victoria Parade,Collingwood,Melbourne,3067,Victoria,Australia
ID4028046142,Burnley Street,Richmond,Melbourne,3121,Victoria,Australia
ID0331417136,Type Street,Richmond,Melbourne,3121,Victoria,Australia
ID0591429491,Elizabeth Street,Melbourne,Melbourne,3000,Victoria,Australia
ID4633638470,Spencer Street,West Melbourne,Melbourne,3003,Victoria,Australia
ID4061053456,Victoria Street,Abbotsford,Melbourne,3121,Victoria,Australia
ID5668009793,Zetland Street,Abbotsford,Melbourne,3067,Victoria,Australia
ID0233314845,Gertrude Street,Fitzroy,Melbourne,3065,Victoria,Australia
ID3970811101,Footscray Road,Docklands,Melbourne,3008,Victoria,Australia
ID1449308562,Wellington Parade,East Melbourne,Melbourne,3002,Victoria,Australia
ID6202471425,Olympic Boulevard,Melbourne,Melbourne,3000,Victoria,Australia
ID0576844518,Punt Road,Melbourne,Melbourne,3000,Victoria,Australia
ID4520380451,Queens Bridge Street,Southbank,Melbourne,3006,Victoria,Australia
ID4787373515,Royal Parade,Parkville,Melbourne,3000,Victoria,Australia
ID6167413281,Church Street,Melbourne,Melbourne,3000,Victoria,Australia
ID0775942446,Johnston Street,Melbourne,Melbourne,3000,Victoria,Australia
ID0579408070,Sturt Street,Southbank,Melbourne,3006,Victoria,Australia
ID0131247270,Little Bourke Street,Melbourne,Melbourne,3000,Victoria,Australia
ID2451238134,Dudley Street,West Melbourne,Melbourne,3003,Victoria,Australia
ID6167489485,Queen Street,Melbourne,Melbourne,3000,Victoria,Australia
ID0589421428,Spring Street,Melbourne,Melbourne,3000,Victoria,Australia
ID0377544391,Harbour Esplanade,Docklands,Melbourne,3008,Victoria,Australia
ID0527842694,Smith Street,Collingwood,Melbourne,3002,Victoria,Australia
ID2318333325,Carson Street,Kew,Melbourne,3101,Victoria,Australia
ID0746909188,Yarra Boulevard,Burnley,Melbourne,3121,Victoria,Australia
ID1131986163,La Trobe Street,Docklands,Melbourne,3008,Victoria,Australia
ID0126934535,Flinders Lane,Melbourne,Melbourne,3000,Victoria,Australia
ID2185303477,Arden Street,Kensington,Melbourne,3031,Victoria,Australia
ID2213981052,Webb Street,Fitzroy,Melbourne,3065,Victoria,Australia
ID0710021149,Newquay Promenade,Docklands,Melbourne,3008,Victoria,Australia
ID3924911403,Elm Street,Hawthorn,Melbourne,3122,Victoria,Australia
ID0746912589,Olympic Boulevard,Melbourne,Melbourne,3000,Victoria,Australia
ID0349920103,Bridge Road,Richmond,Melbourne,3121,Victoria,Australia
ID1445498772,Wellington Parade,East Melbourne,Melbourne,3002,Victoria,Australia
ID0030385486,Church Street,Richmond,Melbourne,3121,Victoria,Australia
ID6097185558,St Heliers Street,Abbotsford,Melbourne,3067,Victoria,Australia
ID0634784123,Main Yarra Trail Capital City Trail,Richmond,Melbourne,3121,Victoria,Australia
ID6167440966,Little Collins Street,Melbourne,Melbourne,3000,Victoria,Australia
ID3144992704,Hotham Street,East Melbourne,Melbourne,3002,Victoria,Australia
ID2279153657,Ulster Lane,Melbourne,Melbourne,3000,Victoria,Australia
ID0781082267,Park Avenue,Richmond,Melbourne,3121,Victoria,Australia
ID0777789266,Capel Street,West Melbourne,Melbourne,3050,Victoria,Australia
ID0580161464,Mount Alexander Road,Travancore,Melbourne,3031,Victoria,Australia
ID0709707024,Elm Street,Hawthorn,Melbourne,3122,Victoria,Australia
ID0571731867,Capital City Trail,Docklands,Melbourne,3008,Victoria,Australia
ID0702451456,Victoria Street,North Melbourne,Melbourne,3003,Victoria,Australia
ID0247018750,Victoria Street,Abbotsford,Melbourne,3067,Victoria,Australia
ID6167417934,Bourke Street,Melbourne,Melbourne,3000,Victoria,Australia
ID6167417963,Bourke Street,Melbourne,Melbourne,3000,Victoria,Australia
ID1594632456,William Barak Bridge,Melbourne,Melbourne,3000,Victoria,Australia
ID0310729984,Little Docklands Drive,Docklands,Melbourne,3008,Victoria,Australia
ID0547586405,Powlett Street,East Melbourne,Melbourne,3002,Victoria,Australia
ID3115867881,Hardware Lane,Melbourne,Melbourne,3000,Victoria,Australia
ID6167413278,Bourke Street,Melbourne,Melbourne,3000,Victoria,Australia
ID3144850933,George Street,East Melbourne,Melbourne,3002,Victoria,Australia
ID0624924254,Flinders Street,Melbourne,Melbourne,3000,Victoria,Australia
ID6212705501,Nicholson Street,East Melbourne,Melbourne,3002,Victoria,Australia
ID2455223905,Waratah Place,Melbourne,Melbourne,3000,Victoria,Australia
ID1496246606,Main Yarra Trail Capital City Trail,Cremorne,Melbourne,3000,Victoria,Australia
ID0572037071,Stanley Street,West Melbourne,Melbourne,3003,Victoria,Australia
ID0266737792,Olympic Boulevard,Melbourne,Melbourne,3000,Victoria,Australia
ID0589425753,Nicholson Street,East Melbourne,Melbourne,3002,Victoria,Australia
ID3036576351,Main Yarra Trail Capital City Trail,Kew,Melbourne,3067,Victoria,Australia
ID6167441063,Bourke Street Mall,Melbourne,Melbourne,3000,Victoria,Australia
ID0581782794,Johnston Street Bridge Road,West Melbourne,Melbourne,3003,Victoria,Australia
ID0250480602,Fitzroy Street,Hilldene,Melbourne,3543,Victoria,Australia
ID3146808064,Hotham Street,East Melbourne,Melbourne,3002,Victoria,Australia
ID1224821946,Star Circus,Docklands,Melbourne,3008,Victoria,Australia
ID2314545797,Rokeby Street,Collingwood,Melbourne,3066,Victoria,Australia
ID4418535313,Swanston Street,Carlton,Melbourne,3010,Victoria,Australia
ID0030946633,Melbourne Museum Car Park,Carlton,Melbourne,3053,Victoria,Australia
ID4735909071,Raglan Street,North Melbourne,Melbourne,3051,Victoria,Australia
ID4735836869,Queensberry Street,North Melbourne,Melbourne,3051,Victoria,Australia
ID0662736521,Musicians lane,Southbank,Melbourne,3006,Victoria,Australia
ID0589488285,Flinders Street,Melbourne,Melbourne,3000,Victoria,Australia
ID0319159694,A'Beckett Street,Melbourne,Melbourne,3000,Victoria,Australia
ID0277118918,Ingles Street,Port Melbourne,Melbourne,3207,Victoria,Australia
ID0247417667,Federation Square,Melbourne,Melbourne,3000,Victoria,Australia
ID0589397643,Macarthur Street,East Melbourne,Melbourne,3002,Victoria,Australia
ID0571731474,Lorimer Street,Docklands,Melbourne,3008,Victoria,Australia
ID0767729251,Hoddle Street,West Melbourne,Melbourne,3214,Victoria,Australia
ID4061053436,Victoria Street,Abbotsford,Melbourne,3067,Victoria,Australia
ID0298099723,Kent Street,Fitzroy,Melbourne,3065,Victoria,Australia
ID0287630692,Danaher Lane,North Melbourne,Melbourne,3051,Victoria,Australia
ID4735836855,Little Errol Street,North Melbourne,Melbourne,3051,Victoria,Australia
ID2702095684,Victoria Parade,East Melbourne,Melbourne,3002,Victoria,Australia
ID4740821319,George Johnson Lane,North Melbourne,Melbourne,3051,Victoria,Australia
ID6167289293,Franklin Street,Melbourne,Melbourne,3000,Victoria,Australia
ID0762836286,Dynon Road Offramp,North Melbourne,Melbourne,3003,Victoria,Australia
ID4245791607,Lincoln Square North,Carlton,Melbourne,3010,Victoria,Australia
ID0767752599,Rathdowne Street,Carlton,Melbourne,3053,Victoria,Australia
ID4518401167,Roden Street,West Melbourne,Melbourne,3003,Victoria,Australia
ID2191736653,Spencer Street,South Wharf,Melbourne,3005,Victoria,Australia
ID0248129431,Main Yarra Trail Capital City Trail,Burnley,Melbourne,3121,Victoria,Australia
ID6197211187,Enterprize Road,West Melbourne,Melbourne,3008,Victoria,Australia
ID6197211197,Enterprize Road,West Melbourne,Melbourne,3008,Victoria,Australia
ID4313862241,Lennox Street,Richmond,Melbourne,3121,Victoria,Australia
ID3072718448,Normanby Road,Southbank,Melbourne,3005,Victoria,Australia
ID0317535746,Batman Avenue,Glenaroua,Melbourne,3246,Victoria,Australia
ID0202767927,Footscray Road,West Melbourne,Melbourne,3031,Victoria,Australia
ID5563404259,Burnley Street,Richmond,Melbourne,3121,Victoria,Australia
ID0495761820,Condell Street,Fitzroy,Melbourne,3065,Victoria,Australia
ID6167344582,Flinders Street,Melbourne,Melbourne,3000,Victoria,Australia
ID0387266445,Hudson Place,Glenaroua,Melbourne,3286,Victoria,Australia
ID1985551131,Lygon Street,Carlton,Melbourne,3053,Victoria,Australia
ID6167191155,Collins Street,Melbourne,Melbourne,3000,Victoria,Australia
ID2400284486,Evan Walker Bridge,Southbank,Melbourne,3000,Victoria,Australia
ID0030385740,Swan Street,Richmond,Melbourne,3121,Victoria,Australia
ID6167254907,Flinders Street,Melbourne,Melbourne,3000,Victoria,Australia
ID0387266447,King Street,West Melbourne,Melbourne,3003,Victoria,Australia
ID0122752291,Doepel Way,Docklands,Melbourne,3008,Victoria,Australia
ID4847645684,Burnley Street,Richmond,Melbourne,3121,Victoria,Australia
ID4544037561,Lonsdale Street,Melbourne,Melbourne,3000,Victoria,Australia
ID0635529205,Waterfront Way,Docklands,Melbourne,3008,Victoria,Australia
ID3924911400,Turners Alley,Melbourne,Melbourne,3000,Victoria,Australia
ID2006034703,Valiant Street,Abbotsford,Melbourne,3067,Victoria,Australia
ID0591320179,Park Grove,Richmond,Melbourne,3121,Victoria,Australia
ID0579501193,Wurundjeri Way,Docklands,Melbourne,3008,Victoria,Australia
ID6167191700,Collins Street,Melbourne,Melbourne,3000,Victoria,Australia
ID0591274456,Clarendon Street,Southbank,Melbourne,3006,Victoria,Australia
ID2096325801,Wreckyn Street,North Melbourne,Melbourne,3050,Victoria,Australia
ID1404218659,Wellington Street,Collingwood,Melbourne,3066,Victoria,Australia
ID2189162941,William Street,Melbourne,Melbourne,3000,Victoria,Australia
ID6212685642,Wellington Parade,East Melbourne,Melbourne,3002,Victoria,Australia
ID6167489462,Queen Street,Melbourne,Melbourne,3000,Victoria,Australia
ID0711333782,Victoria Street,North Melbourne,Melbourne,3050,Victoria,Australia
ID4927643641,Footscray Road,West Melbourne,Melbourne,3031,Victoria,Australia
ID0844489306,Collins Street,Docklands,Melbourne,3008,Victoria,Australia
ID0767645839,Nicholson Street,Fitzroy,Melbourne,3002,Victoria,Australia
ID0419481490,Bridge Road,Richmond,Melbourne,3121,Victoria,Australia
ID0529157848,Lorimer Street,Docklands,Melbourne,3008,Victoria,Australia
ID6245731028,Vere Street,East Melbourne,Melbourne,3002,Victoria,Australia
ID0493873181,Sniders Lane,Carlton,Melbourne,3053,Victoria,Australia
ID4520380523,Little Lonsdale Street,Melbourne,Melbourne,3000,Victoria,Australia
ID0245493801,Grattan Street,Parkville,Melbourne,3010,Victoria,Australia
ID0356215182,Cardigan Street,Carlton,Melbourne,3053,Victoria,Australia
ID0591259275,South Wharf Promenade,South Wharf,Melbourne,3005,Victoria,Australia
ID0777839234,Elizabeth Street,Melbourne,Melbourne,3000,Victoria,Australia
ID0294625076,Flinders Street,Melbourne,Melbourne,3000,Victoria,Australia
ID0052600161,Berkeley Street,Carlton,Melbourne,3000,Victoria,Australia
ID0581764017,Footscray Road,West Melbourne,Melbourne,3031,Victoria,Australia
ID6167417926,Kent Street,Melbourne,Melbourne,3000,Victoria,Australia
ID2189161536,Collins Street,Melbourne,Melbourne,3000,Victoria,Australia
ID0153681683,Boathouse Road,Kew,Melbourne,3067,Victoria,Australia
ID2189273817,Market Street,Melbourne,Melbourne,3000,Victoria,Australia
ID2143829886,Citylink Onramp,North Melbourne,Melbourne,3003,Victoria,Australia
ID0361268957,Victoria Street,Fitzroy,Melbourne,3065,Victoria,Australia
ID4353884085,Park Grove,Richmond,Melbourne,3121,Victoria,Australia
ID0634783948,Star Circus,Docklands,Melbourne,3008,Victoria,Australia
ID0702363476,Ireland Street,West Melbourne,Melbourne,3003,Victoria,Australia
ID0702374154,Dryburgh Street,West Melbourne,Melbourne,3003,Victoria,Australia
ID0294622374,Degraves Street Subway,Melbourne,Melbourne,3000,Victoria,Australia
ID0207093574,Yarra Boulevard,Kew,Melbourne,3067,Victoria,Australia
ID0247010166,Little Lonsdale Street,Melbourne,Melbourne,3000,Victoria,Australia
ID0777834973,Elizabeth Street,Melbourne,Melbourne,3000,Victoria,Australia
ID0780913213,Peel Street,North Melbourne,Melbourne,3050,Victoria,Australia
ID6207022859,Lonsdale Street,Melbourne,Melbourne,3000,Victoria,Australia
ID0846567658,St Kilda Road,Southbank,Melbourne,3006,Victoria,Australia
ID0847526574,Southbank Boulevard,Southbank,Melbourne,3006,Victoria,Australia
ID0282825791,Arden Street,North Melbourne,Melbourne,3051,Victoria,Australia
ID0207085738,Main Yarra Trail Capital City Trail,Richmond,Melbourne,3121,Victoria,Australia
ID4453229733,Collins Street,Docklands,Melbourne,3008,Victoria,Australia
ID0579970448,Dudley Street,Docklands,Melbourne,3008,Victoria,Australia
ID0054558290,William Barak Bridge,Melbourne,Melbourne,3000,Victoria,Australia
ID0579502234,Capital City Trail Moonee Ponds Creek Trail,Docklands,Melbourne,3008,Victoria,Australia
ID0578077324,Docklands Drive,Docklands,Melbourne,3008,Victoria,Australia
ID0710034749,Pearl River Road,Docklands,Melbourne,3008,Victoria,Australia
ID2868682188,Hoddle Street,Carlton,Melbourne,3053,Victoria,Australia
ID5422000176,Pelham Street,Carlton,Melbourne,3053,Victoria,Australia
ID3218293535,Errol Place,North Melbourne,Melbourne,3051,Victoria,Australia
ID0278912937,Albert Street,East Melbourne,Melbourne,3002,Victoria,Australia
ID0589421007,Spring Street,Melbourne,Melbourne,3000,Victoria,Australia
ID1288940365,Spencer Street,Docklands,Melbourne,3000,Victoria,Australia
ID1463547080,Bridge Road,Richmond,Melbourne,3121,Victoria,Australia
ID2207661056,Arden Street,North Melbourne,Melbourne,3051,Victoria,Australia
ID0103121662,Park Street,Melbourne,Melbourne,3000,Victoria,Australia
ID0411688745,Alexandra Avenue,Melbourne,Melbourne,3004,Victoria,Australia
ID0309346900,Lambert Street,Richmond,Melbourne,3121,Victoria,Australia
ID1462398911,Bridge Road,Richmond,Melbourne,3121,Victoria,Australia
ID0774517574,Elizabeth Street,Melbourne,Melbourne,3000,Victoria,Australia
ID0554206049,Capital City Trail Moonee Ponds Creek Trail,North Melbourne,Melbourne,3003,Victoria,Australia
ID2810324704,Victoria Parade,Fitzroy,Melbourne,3065,Victoria,Australia
ID0248266256,Punt Road Off Ramp,Melbourne,Melbourne,3000,Victoria,Australia
ID0702363477,Ireland Street,West Melbourne,Melbourne,3003,Victoria,Australia
ID0144730304,Geddes Lane,Melbourne,Melbourne,3000,Victoria,Australia
ID0363973195,Campbell Street,Collingwood,Melbourne,3066,Victoria,Australia
ID5096779239,Rathdowne Street,Carlton,Melbourne,3053,Victoria,Australia
ID4544561907,Spring Street,Melbourne,Melbourne,3000,Victoria,Australia
ID0319157184,Lygon Street,Carlton,Melbourne,3053,Victoria,Australia
ID0575392033,Premiership Alley,East Melbourne,Melbourne,3002,Victoria,Australia
ID0299024277,Yarra Boulevard,Kew,Melbourne,3067,Victoria,Australia
ID0767820372,Canning Street,Carlton,Melbourne,3503,Victoria,Australia
ID0312718298,Berkeley Street,Melbourne,Melbourne,3000,Victoria,Australia
ID2384157684,Johnston Street Bridge Road,Kew,Melbourne,3067,Victoria,Australia
ID0052450483,CityLink,North Melbourne,Melbourne,3031,Victoria,Australia
ID0634783576,Star Circus,Docklands,Melbourne,3008,Victoria,Australia
ID1492149374,Spencer Street,Melbourne,Melbourne,3000,Victoria,Australia
ID0245531235,Star Alley,Melbourne,Melbourne,3000,Victoria,Australia
ID0781107765,Denham Street,Hawthorn,Melbourne,3122,Victoria,Australia
ID0036822341,Yarra Promenade,Southbank,Melbourne,3005,Victoria,Australia
ID1463620434,Rotherwood Street,Richmond,Melbourne,3121,Victoria,Australia
ID1132014865,Harbour Esplanade,Docklands,Melbourne,3008,Victoria,Australia
ID0582557918,William Barak Bridge,Melbourne,Melbourne,3000,Victoria,Australia
ID4520380552,Flinders Street,Melbourne,Melbourne,3000,Victoria,Australia
ID0591432788,Banana Alley,Melbourne,Melbourne,3000,Victoria,Australia
ID0630463867,Moor Street,Fitzroy,Melbourne,3065,Victoria,Australia
ID0846545708,Swanston Street,Melbourne,Melbourne,3000,Victoria,Australia
ID5402876541,William Barak Bridge,Melbourne,Melbourne,3000,Victoria,Australia
ID0702456085,Victoria Street,West Melbourne,Melbourne,3003,Victoria,Australia
ID0361229947,Garfield Street,Fitzroy,Melbourne,3065,Victoria,Australia
ID0026051948,Exhibition Street,Melbourne,Melbourne,3000,Victoria,Australia
ID0131221774,Little Bourke Street,Melbourne,Melbourne,3000,Victoria,Australia
ID0387153048,Hume Street,Kew,Melbourne,3101,Victoria,Australia
ID0356448679,Northumberland Street,Collingwood,Melbourne,3066,Victoria,Australia
ID1560149473,O'Shanassy Street,Docklands,Melbourne,3008,Victoria,Australia
ID0571731118,Lorimer Street,Docklands,Melbourne,3008,Victoria,Australia
ID1217532720,Marvel Stadium External Concourse (Level 1),Docklands,Melbourne,3008,Victoria,Australia
ID3218226982,Ireland Street,West Melbourne,Melbourne,3003,Victoria,Australia
ID0472236185,Lygon Street,Carlton,Melbourne,3053,Victoria,Australia
ID4442505589,South Wharf Promenade,South Wharf,Melbourne,3005,Victoria,Australia
ID0332546017,Spencer Street,West Melbourne,Melbourne,3003,Victoria,Australia
ID0245493801,Grattan Street,Parkville,Melbourne,3010,Victoria,Australia
ID0145261554,Penfold Place,Melbourne,Melbourne,3000,Victoria,Australia
ID2069604238,Condell Street,Fitzroy,Melbourne,3065,Victoria,Australia
ID2776664746,Yarra Boulevard,Burnley,Melbourne,3121,Victoria,Australia
ID4238873970,La Trobe Street,Melbourne,Melbourne,3000,Victoria,Australia
ID0316413850,La Trobe Street,Melbourne,Melbourne,3000,Victoria,Australia
ID2347007247,Collins Street,Docklands,Melbourne,3008,Victoria,Australia
ID6024429121,Newquay Promenade,Docklands,Melbourne,3008,Victoria,Australia
ID0767592589,Victoria Parade,East Melbourne,Melbourne,3002,Victoria,Australia
ID0417273054,Clarendon Street,East Melbourne,Melbourne,3002,Victoria,Australia
ID4326586172,Elizabeth Street,Melbourne,Melbourne,3000,Victoria,Australia
ID3143370318,Marmion Place,Docklands,Melbourne,3008,Victoria,Australia
ID0252588997,Marvel Stadium External Concourse (Level 1),Docklands,Melbourne,3008,Victoria,Australia
ID0298046598,City Road,Southbank,Melbourne,3006,Victoria,Australia
ID6221450542,Victoria Parade,Collingwood,Melbourne,3002,Victoria,Australia
ID0767737648,Elizabeth Street,Melbourne,Melbourne,3000,Victoria,Australia
ID3161948917,M Shed,Melbourne,Melbourne,3000,Victoria,Australia
ID4326586187,Elizabeth Street,Melbourne,Melbourne,3000,Victoria,Australia
ID2180785618,Collins Street,Melbourne,Melbourne,3000,Victoria,Australia
ID0252588294,Batman Avenue,Melbourne,Melbourne,3000,Victoria,Australia
ID4245791604,Lincoln Square North,Carlton,Melbourne,3010,Victoria,Australia
ID0387152924,Spencer Street,West Melbourne,Melbourne,3003,Victoria,Australia
ID0052600120,Bouverie Street,Carlton,Melbourne,3010,Victoria,Australia
ID1463620434,Rotherwood Street,Richmond,Melbourne,3121,Victoria,Australia
ID0575434361,Brunton Avenue,East Melbourne,Melbourne,3000,Victoria,Australia
ID1463547033,Bridge Road,Richmond,Melbourne,3121,Victoria,Australia
ID2948774549,La Trobe Street,Melbourne,Melbourne,3000,Victoria,Australia
ID1217532913,Bourke Street,Docklands,Melbourne,3008,Victoria,Australia
ID0493873191,Coombs Avenue,Kew,Melbourne,3101,Victoria,Australia
ID1217532917,Bourke Street,Docklands,Melbourne,3008,Victoria,Australia
ID0312718905,Swanston Street,Carlton,Melbourne,3053,Victoria,Australia
ID0777835311,Elizabeth Street,Melbourne,Melbourne,3000,Victoria,Australia
ID4283908163,Church Street,Cremorne,Melbourne,3131,Victoria,Australia
ID3146808091,St Helens Lane,East Melbourne,Melbourne,3002,Victoria,Australia
ID4735836868,Queensberry Street,North Melbourne,Melbourne,3051,Victoria,Australia
ID0598401577,Bourke Street Mall,Melbourne,Melbourne,3000,Victoria,Australia
ID0773059241,Bourke Street,Melbourne,Melbourne,3000,Victoria,Australia
ID0283334330,Arden Street,North Melbourne,Melbourne,3051,Victoria,Australia
ID0060096961,Spencer Street,Docklands,Melbourne,3000,Victoria,Australia
ID3218226983,Spencer Street,West Melbourne,Melbourne,3003,Victoria,Australia
ID1132069617,Footscray Road,Docklands,Melbourne,3008,Victoria,Australia
ID0591408731,Flinders Street,Melbourne,Melbourne,3000,Victoria,Australia
ID0361269278,Brunswick Street,Fitzroy,Melbourne,3065,Victoria,Australia
ID0103299651,Gills Alley,Melbourne,Melbourne,3000,Victoria,Australia
ID3924911400,Turners Alley,Melbourne,Melbourne,3000,Victoria,Australia
ID6167413266,Bourke Street Mall,Melbourne,Melbourne,3000,Victoria,Australia
ID1686719039,Blackwood Street,North Melbourne,Melbourne,3051,Victoria,Australia
ID2768639318,Swanston Street,Melbourne,Melbourne,3000,Victoria,Australia
ID1594632498,William Barak Bridge,Melbourne,Melbourne,3000,Victoria,Australia
ID6167266614,Little Bourke Street,Melbourne,Melbourne,3000,Victoria,Australia
ID0304536850,Khartoum Street,Richmond,Melbourne,3121,Victoria,Australia
ID2187983888,Bourke Street,Melbourne,Melbourne,3000,Victoria,Australia
ID3862394072,Spencer Street,West Melbourne,Melbourne,3003,Victoria,Australia
ID0572005110,Curzon Street,North Melbourne,Melbourne,3051,Victoria,Australia
ID3281126642,Bouverie Place,Carlton,Melbourne,3010,Victoria,Australia
ID0616938658,Flinders Street,Melbourne,Melbourne,3000,Victoria,Australia
ID4787373516,Royal Parade,Parkville,Melbourne,3000,Victoria,Australia
ID1463547040,Bridge Road,Richmond,Melbourne,3121,Victoria,Australia
ID0777791299,William Street,West Melbourne,Melbourne,3003,Victoria,Australia
ID2383211221,Bourke Street,Melbourne,Melbourne,3000,Victoria,Australia
ID2020832914,Block Arcade,Melbourne,Melbourne,3000,Victoria,Australia
ID1404234339,Anderson Court,Richmond,Melbourne,3121,Victoria,Australia
ID0846546861,St Kilda Road,Southbank,Melbourne,3004,Victoria,Australia
ID0370751687,Southbank Promenade,East Melbourne,Melbourne,3002,Victoria,Australia
ID6167489462,Queen Street,Melbourne,Melbourne,3000,Victoria,Australia
ID0581715652,Studley Park Road,Kew,Melbourne,3101,Victoria,Australia
ID1492169258,Swanston Street,Carlton,Melbourne,3053,Victoria,Australia
ID4520380533,Bourke Street,Melbourne,Melbourne,3000,Victoria,Australia
ID0052510917,Footscray Road,West Melbourne,Melbourne,3008,Victoria,Australia
ID0054552169,Brunton Avenue,East Melbourne,Melbourne,3000,Victoria,Australia
ID0501027460,Nicholson Street,Carlton,Melbourne,3065,Victoria,Australia
ID0248746737,Bromham Place,Richmond,Melbourne,3121,Victoria,Australia
ID0710001161,Pearl River Road,Docklands,Melbourne,3008,Victoria,Australia
ID0202736642,Arden Street,Glenaroua,Melbourne,3009,Victoria,Australia
ID0248746924,Swan Street,Richmond,Melbourne,3121,Victoria,Australia
ID4740822049,Studley Park Road,Kew,Melbourne,3101,Victoria,Australia
ID0767584716,Victoria Street,Carlton,Melbourne,3053,Victoria,Australia
ID6167344549,Collins Street,Melbourne,Melbourne,3000,Victoria,Australia
ID0577518129,Alexandra Avenue,Melbourne,Melbourne,3004,Victoria,Australia
ID0634783947,Star Circus,Docklands,Melbourne,3008,Victoria,Australia
ID0358731034,Brunton Avenue,East Melbourne,Melbourne,3000,Victoria,Australia
ID0361770719,Greeves Street,Fitzroy,Melbourne,3065,Victoria,Australia
ID0746908734,Main Yarra Trail Capital City Trail,Burnley,Melbourne,3121,Victoria,Australia
ID4162427930,Kernot Road,Melbourne,Melbourne,3004,Victoria,Australia
ID0227316137,McCutcheon Way,Collingwood,Melbourne,3066,Victoria,Australia
ID0844475924,Harbour Esplanade,Docklands,Melbourne,3008,Victoria,Australia
ID1479930106,Spencer Street,Docklands,Melbourne,3008,Victoria,Australia
ID4976805932,Swanston Street,Melbourne,Melbourne,3000,Victoria,Australia
ID0243097196,Fawkner Street,Southbank,Melbourne,3006,Victoria,Australia
ID1463620794,Johnston Street Bridge Road,Richmond,Melbourne,3121,Victoria,Australia
ID0710001161,Pearl River Road,Docklands,Melbourne,3008,Victoria,Australia
ID4315295100,Moorhouse Street,Richmond,Melbourne,3121,Victoria,Australia
ID1140277347,Hoddle Street,Abbotsford,Melbourne,3067,Victoria,Australia
ID6167441003,A'Beckett Street,Melbourne,Melbourne,3000,Victoria,Australia
ID0443297188,Harbour Esplanade,Docklands,Melbourne,3008,Victoria,Australia
ID0304168536,Fawkner Street,Southbank,Melbourne,3006,Victoria,Australia
ID0361770819,Exhibition Street,Fitzroy,Melbourne,3065,Victoria,Australia
ID4544035096,Lonsdale Street,Melbourne,Melbourne,3000,Victoria,Australia
ID3085926091,Punt Road,Richmond,Melbourne,3121,Victoria,Australia
ID0207093578,Johnston Street,Abbotsford,Melbourne,3067,Victoria,Australia
ID1466671804,West Gate Freeway Onramp,Port Melbourne,Melbourne,3207,Victoria,Australia
ID1725216340,Lincoln Square North,Carlton,Melbourne,3010,Victoria,Australia
ID0702352314,Stawell Street,West Melbourne,Melbourne,3031,Victoria,Australia
ID0560991981,Harbour Esplanade,Docklands,Melbourne,3008,Victoria,Australia
ID0214092261,Young Street,Kew,Melbourne,3121,Victoria,Australia
ID0591274456,Clarendon Street,Southbank,Melbourne,3006,Victoria,Australia
ID0681285245,Bloomburg Street,Abbotsford,Melbourne,3067,Victoria,Australia
ID4120677337,Swanston Street,Melbourne,Melbourne,3000,Victoria,Australia
ID0030945778,Hoddle Street,Richmond,Melbourne,3121,Victoria,Australia
ID0245533066,Little Bourke Street,Melbourne,Melbourne,3000,Victoria,Australia
ID3293340280,Olympic Boulevard,Melbourne,Melbourne,3000,Victoria,Australia
ID0287629447,Errol Street,North Melbourne,Melbourne,3051,Victoria,Australia
ID0247417828,Flinders Street,Melbourne,Melbourne,3000,Victoria,Australia
ID5563404251,Blazey Street,Richmond,Melbourne,3121,Victoria,Australia
ID0575385079,Ingles Street,East Melbourne,Melbourne,3002,Victoria,Australia
ID2975268835,Richmond Terrace,Richmond,Melbourne,3121,Victoria,Australia
ID0588197264,Carpentaria Place,East Melbourne,Melbourne,3002,Victoria,Australia
ID6167231018,Spencer Street,Docklands,Melbourne,3008,Victoria,Australia
ID4516157159,Collins Street,Docklands,Melbourne,3008,Victoria,Australia
ID0702351342,Wurundjeri Way,West Melbourne,Melbourne,3003,Victoria,Australia
ID0581750598,Footscray Road,West Melbourne,Melbourne,3031,Victoria,Australia
ID2222040558,Merchant Street,Docklands,Melbourne,3008,Victoria,Australia
ID3098154914,Lorimer Street,Docklands,Melbourne,3008,Victoria,Australia
ID4294210520,Victoria Harbour Promenade,Docklands,Melbourne,3008,Victoria,Australia
ID0319157116,Mackenzie Street,Melbourne,Melbourne,3000,Victoria,Australia
ID3146808087,St Helens Lane,East Melbourne,Melbourne,3002,Victoria,Australia
ID0778943161,Main Yarra Trail Capital City Trail,Burnley,Melbourne,3121,Victoria,Australia
ID3215192015,Spencer Street,West Melbourne,Melbourne,3003,Victoria,Australia
ID0844501069,Collins Street,Docklands,Melbourne,3008,Victoria,Australia
ID5290706362,Victoria Parade,Fitzroy,Melbourne,3002,Victoria,Australia
ID0440051881,Goodwood Street,Richmond,Melbourne,3121,Victoria,Australia
ID0333901582,George Street,Fitzroy,Melbourne,3065,Victoria,Australia
ID3516648756,Liverpool Street,Melbourne,Melbourne,3000,Victoria,Australia
ID1463656466,Church Street,Cremorne,Melbourne,3131,Victoria,Australia
ID4313862248,The Crofts,Richmond,Melbourne,3121,Victoria,Australia
ID3924911399,Turners Alley,Melbourne,Melbourne,3000,Victoria,Australia
ID0664378466,Spring Street,Southbank,Melbourne,3231,Victoria,Australia
ID1132069624,Harbour Esplanade,Docklands,Melbourne,3008,Victoria,Australia
ID3106294929,Footscray Road,West Melbourne,Melbourne,3031,Victoria,Australia
ID3420939994,Young Street,Fitzroy,Melbourne,3065,Victoria,Australia
ID6167417972,Bourke Street,Melbourne,Melbourne,3000,Victoria,Australia
ID5299390820,Star Circus,Docklands,Melbourne,3008,Victoria,Australia
ID0591258325,South Wharf Promenade,South Wharf,Melbourne,3005,Victoria,Australia
ID0310957682,Graham Street,Port Melbourne,Melbourne,3207,Victoria,Australia
ID0723965013,St Heliers Street,Abbotsford,Melbourne,3067,Victoria,Australia
ID4313862247,McCrae Mews,Richmond,Melbourne,3121,Victoria,Australia
ID0441996111,Bridge Road,Richmond,Melbourne,3121,Victoria,Australia
ID0777768981,Enterprize Road,Melbourne,Melbourne,3000,Victoria,Australia
ID4633638458,Spencer Street,West Melbourne,Melbourne,3003,Victoria,Australia
ID2325395496,Albert Street,East Melbourne,Melbourne,3002,Victoria,Australia
ID2288769502,Main Yarra Trail Capital City Trail,Abbotsford,Melbourne,3067,Victoria,Australia
ID0127674021,Yarra Street,Abbotsford,Melbourne,3067,Victoria,Australia
ID0711783633,Geddes Lane,Docklands,Melbourne,3008,Victoria,Australia
ID0036825302,Lorimer Street,Docklands,Melbourne,3008,Victoria,Australia
ID2841675041,La Trobe Street,Melbourne,Melbourne,3000,Victoria,Australia
ID3390561255,Boathouse Road,Kew,Melbourne,3067,Victoria,Australia
ID0246439398,Little Bourke Street,Melbourne,Melbourne,3000,Victoria,Australia
ID6167231003,Spencer Street,Docklands,Melbourne,3000,Victoria,Australia
ID2190564628,Elizabeth Street,Melbourne,Melbourne,3000,Victoria,Australia
ID0247417082,Russell Street,Melbourne,Melbourne,3000,Victoria,Australia
ID0130015098,Collins Street,Melbourne,Melbourne,3000,Victoria,Australia
ID2707985442,Lygon Street,Carlton,Melbourne,3053,Victoria,Australia
ID0060088412,Brunton Avenue,East Melbourne,Melbourne,3000,Victoria,Australia
ID5257193650,Kelvin Place,East Melbourne,Melbourne,3002,Victoria,Australia
ID0289597187,Jeffcott Street,West Melbourne,Melbourne,3003,Victoria,Australia
ID1668523020,Dryburgh Street,West Melbourne,Melbourne,3003,Victoria,Australia
ID0370751503,Powlett Street,East Melbourne,Melbourne,3002,Victoria,Australia
ID0634774947,Star Circus,Docklands,Melbourne,3008,Victoria,Australia
ID3313210924,Degraves Street Subway,Melbourne,Melbourne,3000,Victoria,Australia
ID0472236192,Lygon Street,Carlton,Melbourne,3053,Victoria,Australia
ID0591306178,Clarendon Street,Southbank,Melbourne,3005,Victoria,Australia
ID0591430562,George Street,Melbourne,Melbourne,3000,Victoria,Australia
ID0030287324,Victoria Street,Carlton,Melbourne,3053,Victoria,Australia
ID0245537598,Jane Bell Lane,Melbourne,Melbourne,3000,Victoria,Australia
ID0577518122,CityLink,Melbourne,Melbourne,3004,Victoria,Australia
ID0477079436,Victoria Parade,Fitzroy,Melbourne,3065,Victoria,Australia
ID3218227004,Spencer Street,West Melbourne,Melbourne,3003,Victoria,Australia
ID0846546204,St Kilda Road,Melbourne,Melbourne,3000,Victoria,Australia
ID5402876538,William Barak Bridge,Melbourne,Melbourne,3000,Victoria,Australia
ID2269263377,Collins Street,Melbourne,Melbourne,3000,Victoria,Australia
ID1404216319,Dight Street,Collingwood,Melbourne,3066,Victoria,Australia
ID6167266618,Lonsdale Street,Melbourne,Melbourne,3000,Victoria,Australia
ID0145245938,Mitre Lane,Melbourne,Melbourne,3000,Victoria,Australia
ID1889198159,La Trobe Street,West Melbourne,Melbourne,3003,Victoria,Australia
ID3218293544,Queensberry Street,North Melbourne,Melbourne,3051,Victoria,Australia
ID6167344543,Lees Place,Melbourne,Melbourne,3000,Victoria,Australia
ID0419632515,Wellington Parade,East Melbourne,Melbourne,3002,Victoria,Australia
ID1463547097,Bridge Road,Richmond,Melbourne,3121,Victoria,Australia
ID1495248920,Les Erdi Plaza,Melbourne,Melbourne,3000,Victoria,Australia
ID3222703085,Little Dryburgh Street North,North Melbourne,Melbourne,3051,Victoria,Australia
ID0107156541,Capital City Trail / Main Yarra Trail,Melbourne,Melbourne,3004,Victoria,Australia
ID2905756475,Wing Sing Lane,West Melbourne,Melbourne,3051,Victoria,Australia
ID3281123500,O'Connell Street,North Melbourne,Melbourne,3050,Victoria,Australia
ID0355818836,Little Nicholson Street,Abbotsford,Melbourne,3067,Victoria,Australia
ID6206959532,Lorimer Street,Port Melbourne,Melbourne,3207,Victoria,Australia
ID0660026700,Little Bourke Street,Melbourne,Melbourne,3000,Victoria,Australia
ID1899315964,Kings Way Onramp,Docklands,Melbourne,3008,Victoria,Australia
ID0664378467,Wellington Parade,Southbank,Melbourne,3216,Victoria,Australia
ID3967629954,Little Bourke Street,Docklands,Melbourne,3000,Victoria,Australia
ID0317369535,Peel Street,West Melbourne,Melbourne,3050,Victoria,Australia
ID2189485869,Bourke Street,East Melbourne,Melbourne,3000,Victoria,Australia
ID2975216733,Elizabeth Street,Melbourne,Melbourne,3010,Victoria,Australia
ID4893634360,Enterprize Road,West Melbourne,Melbourne,3008,Victoria,Australia
ID0591258553,South Wharf Promenade,South Wharf,Melbourne,3005,Victoria,Australia
ID0049492954,St Kilda Road,Melbourne,Melbourne,3000,Victoria,Australia
ID0579490624,Bourke Street Footbridge,Docklands,Melbourne,3008,Victoria,Australia
ID6167236693,Elizabeth Street,Melbourne,Melbourne,3000,Victoria,Australia
ID1132023820,Harbour Esplanade,Docklands,Melbourne,3008,Victoria,Australia
ID4633638466,Abbotsford Street,West Melbourne,Melbourne,3003,Victoria,Australia
ID5292513667,Pearl River Road,Docklands,Melbourne,3008,Victoria,Australia
ID4294474616,Nicholson Street,Carlton,Melbourne,3065,Victoria,Australia
ID6197209833,Docklands Drive,Docklands,Melbourne,3008,Victoria,Australia
ID0247532606,Spencer Street,Docklands,Melbourne,3000,Victoria,Australia
ID1463547060,Gleadell Street,Richmond,Melbourne,3121,Victoria,Australia
ID0030943323,Laurens Street,North Melbourne,Melbourne,3003,Victoria,Australia
ID5668009842,Main Yarra Trail Capital City Trail,Richmond,Melbourne,3121,Victoria,Australia
ID6167489369,William Street,Melbourne,Melbourne,3000,Victoria,Australia
ID0245507511,Royal Parade,Parkville,Melbourne,3050,Victoria,Australia
ID1668523294,Queensbridge Square,Southbank,Melbourne,3006,Victoria,Australia
ID0129279833,Yarra Street,Abbotsford,Melbourne,3067,Victoria,Australia
ID2181275342,La Trobe Street,Melbourne,Melbourne,3000,Victoria,Australia
ID5959605033,York Street,Richmond,Melbourne,3121,Victoria,Australia
ID0589488560,Flinders Street,Melbourne,Melbourne,3000,Victoria,Australia
ID0778809779,Royal Parade,Parkville,Melbourne,3000,Victoria,Australia
ID0778942399,Main Yarra Trail Capital City Trail,Richmond,Melbourne,3121,Victoria,Australia
ID0667680185,Exhibition Street,Melbourne,Melbourne,3000,Victoria,Australia
ID6197211186,Enterprize Road,West Melbourne,Melbourne,3008,Victoria,Australia
ID0387700304,David Street,Southbank,Melbourne,3746,Victoria,Australia
ID1982456959,Leggo Place,Richmond,Melbourne,3121,Victoria,Australia
ID0591351805,Flinders Street,Melbourne,Melbourne,3000,Victoria,Australia
ID1449266817,Wellington Parade,East Melbourne,Melbourne,3002,Victoria,Australia
ID6126066495,River Street,Richmond,Melbourne,3121,Victoria,Australia
ID0591435153,Federation Square,Melbourne,Melbourne,3000,Victoria,Australia
ID0233315133,Barrup Street,Carlton,Melbourne,3065,Victoria,Australia
ID0529205664,Rogers Street,Port Melbourne,Melbourne,3207,Victoria,Australia
ID6167413260,Swanston Street,Melbourne,Melbourne,3000,Victoria,Australia
ID5457962366,River Esplanade,Docklands,Melbourne,3008,Victoria,Australia
ID3215192057,Rosslyn Street,West Melbourne,Melbourne,3003,Victoria,Australia
ID0030942265,Spencer Street,West Melbourne,Melbourne,3003,Victoria,Australia
ID0131107628,Little Queen Street,Melbourne,Melbourne,3000,Victoria,Australia
ID6167440966,Little Collins Street,Melbourne,Melbourne,3000,Victoria,Australia
ID0260907240,Stawell Street,Richmond,Melbourne,3121,Victoria,Australia
ID1725216525,Bouverie Street,Carlton,Melbourne,3053,Victoria,Australia
ID0266740008,Tanner Street,Richmond,Melbourne,3121,Victoria,Australia
ID4735909076,Little Errol Street,North Melbourne,Melbourne,3051,Victoria,Australia
ID0370242178,Bake House Lane,Carlton,Melbourne,3503,Victoria,Australia
ID0364850701,Gertrude Street,Fitzroy,Melbourne,3065,Victoria,Australia
ID4271393506,Little Queen Street,Melbourne,Melbourne,3000,Victoria,Australia
ID0170217605,Victoria Parade,Collingwood,Melbourne,3067,Victoria,Australia
ID0385026689,Nicholson Street,Abbotsford,Melbourne,3067,Victoria,Australia
ID6167441023,Elizabeth Street,Melbourne,Melbourne,3000,Victoria,Australia
ID1492175313,Swanston Street,Carlton,Melbourne,3010,Victoria,Australia
ID0844490198,Batmans Hill Drive,Docklands,Melbourne,3008,Victoria,Australia
ID0575381329,Brunton Avenue,East Melbourne,Melbourne,3000,Victoria,Australia
ID5648622173,Elizabeth Street,Melbourne,Melbourne,3010,Victoria,Australia
ID0597546784,Little Collins Street,Melbourne,Melbourne,3000,Victoria,Australia
ID4655086233,PL5109,West Melbourne,Melbourne,3003,Victoria,Australia
ID6167489412,Queen Street,Melbourne,Melbourne,3000,Victoria,Australia
ID0938149791,Carlton Street,Carlton,Melbourne,3053,Victoria,Australia
ID1560149598,Docklands Drive,Docklands,Melbourne,3008,Victoria,Australia
ID1715985894,Power Street,Southbank,Melbourne,3006,Victoria,Australia
ID0257505809,Swanston Street,Parkville,Melbourne,3010,Victoria,Australia
ID0356085105,Kent Street,Richmond,Melbourne,3121,Victoria,Australia
ID2632208068,Punt Road,East Melbourne,Melbourne,3002,Victoria,Australia
ID1594632451,William Barak Bridge,Melbourne,Melbourne,3000,Victoria,Australia
ID2174963254,Spencer Street,Docklands,Melbourne,3008,Victoria,Australia
ID6167441037,Elizabeth Street,Melbourne,Melbourne,3000,Victoria,Australia
ID0242532840,Faraday Street,Carlton,Melbourne,3503,Victoria,Australia
ID0287630803,Miller Place,West Melbourne,Melbourne,3003,Victoria,Australia
ID0030948028,Buckingham Street,Richmond,Melbourne,3121,Victoria,Australia
ID4544002874,Waratah Place,Melbourne,Melbourne,3000,Victoria,Australia
ID3215192056,Rosslyn Street,West Melbourne,Melbourne,3003,Victoria,Australia
ID0579392261,Spencer Street,Melbourne,Melbourne,3000,Victoria,Australia
ID1463620428,Highett Street,Richmond,Melbourne,3121,Victoria,Australia
ID2207661088,Arden Street,North Melbourne,Melbourne,3051,Victoria,Australia
ID0312719417,Little Grattan Street,Carlton,Melbourne,3010,Victoria,Australia
ID0356098483,Alfred Street,Richmond,Melbourne,3121,Victoria,Australia
ID1327054109,Bourke Street Mall,Melbourne,Melbourne,3000,Victoria,Australia
ID0709975513,Moonee Ponds Creek Trail,Docklands,Melbourne,3008,Victoria,Australia
ID5457984809,River Esplanade,Docklands,Melbourne,3008,Victoria,Australia
ID0634780265,Waterfront Way,Docklands,Melbourne,3008,Victoria,Australia
ID0307587086,Bourke Street,Melbourne,Melbourne,3000,Victoria,Australia
ID0836066530,Collins Street,Docklands,Melbourne,3008,Victoria,Australia
ID0723958666,Main Yarra Trail Capital City Trail,Abbotsford,Melbourne,3067,Victoria,Australia
ID0594172806,Manchester Lane,Melbourne,Melbourne,3000,Victoria,Australia
ID0781083503,Bellevue Street,Richmond,Melbourne,3121,Victoria,Australia
ID6197211588,CityLink,Docklands,Melbourne,3008,Victoria,Australia
ID1463620961,Bridge Road,Richmond,Melbourne,3121,Victoria,Australia
ID4305737105,Vickers Drive,Richmond,Melbourne,3121,Victoria,Australia
ID1458418088,Bridge Road,Richmond,Melbourne,3121,Victoria,Australia
ID0746912546,Olympic Boulevard,Melbourne,Melbourne,3000,Victoria,Australia
ID0283334264,Bedford Place,North Melbourne,Melbourne,3050,Victoria,Australia
ID4061053460,Victoria Street,Abbotsford,Melbourne,3067,Victoria,Australia
ID0775942584,Bouverie Street,Carlton,Melbourne,3010,Victoria,Australia
ID4655129050,Stanley Street,West Melbourne,Melbourne,3003,Victoria,Australia
ID0781091923,River Boulevard,Richmond,Melbourne,3121,Victoria,Australia
ID6167278778,La Trobe Street,Melbourne,Melbourne,3000,Victoria,Australia
ID1132057274,Harbour Esplanade,Docklands,Melbourne,3008,Victoria,Australia
ID3094966840,Curzon Street,North Melbourne,Melbourne,3051,Victoria,Australia
ID0385026713,Park Street,Abbotsford,Melbourne,3067,Victoria,Australia
ID0448076957,Faraday Street,Carlton,Melbourne,3065,Victoria,Australia
ID2020813875,Lonsdale Street,Melbourne,Melbourne,3000,Victoria,Australia
ID0576853318,CityLink,Cremorne,Melbourne,3004,Victoria,Australia
ID1492175313,Swanston Street,Carlton,Melbourne,3010,Victoria,Australia
ID1668523280,Southbank Boulevard,Southbank,Melbourne,3006,Victoria,Australia
ID0571468540,River Street,Richmond,Melbourne,3121,Victoria,Australia
ID0130043040,Lloyd Street,West Melbourne,Melbourne,3031,Victoria,Australia
ID0257505807,Elizabeth Street,Melbourne,Melbourne,3010,Victoria,Australia
ID0579482274,Bourke Street Footbridge,Docklands,Melbourne,3008,Victoria,Australia
ID1492416091,Elizabeth Street,Melbourne,Melbourne,3000,Victoria,Australia
ID0269335260,Victoria Parade,Fitzroy,Melbourne,3002,Victoria,Australia
ID2696097098,Walker Street,Southbank,Melbourne,3006,Victoria,Australia
ID0302822341,Freeman Street,Richmond,Melbourne,3121,Victoria,Australia
ID4326586203,Little Bourke Street,Melbourne,Melbourne,3000,Victoria,Australia
ID1458422327,Burnley Street,Richmond,Melbourne,3121,Victoria,Australia
ID0241807183,Clarendon Street,East Melbourne,Melbourne,3002,Victoria,Australia
ID2501490564,Clarendon Street,East Melbourne,Melbourne,3002,Victoria,Australia
ID4716795441,Spencer Street,Docklands,Melbourne,3000,Victoria,Australia
ID1449496101,Olympic Boulevard,Melbourne,Melbourne,3000,Victoria,Australia
ID1479905364,Kings Way,Melbourne,Melbourne,3000,Victoria,Australia
ID0655124674,Railway Place,West Melbourne,Melbourne,3003,Victoria,Australia
ID0846567434,St Kilda Road,Melbourne,Melbourne,3004,Victoria,Australia
ID3306876672,William Street,Melbourne,Melbourne,3000,Victoria,Australia
ID1449285243,Hotham Street,East Melbourne,Melbourne,3002,Victoria,Australia
ID1449316667,Punt Road,Richmond,Melbourne,3121,Victoria,Australia
ID0575539547,William Barak Bridge,Melbourne,Melbourne,3000,Victoria,Australia
ID2207661038,Abbotsford Street,North Melbourne,Melbourne,3051,Victoria,Australia
ID0592814549,Rutledge Lane,Melbourne,Melbourne,3000,Victoria,Australia
ID0767658130,Princes Street,Fitzroy,Melbourne,3002,Victoria,Australia
ID3481124174,Elizabeth Street,Melbourne,Melbourne,3000,Victoria,Australia
ID0207085851,Main Yarra Trail Capital City Trail,Richmond,Melbourne,3121,Victoria,Australia
ID0107172365,Southbank Boulevard,Southbank,Melbourne,3006,Victoria,Australia
ID3317846711,Swanston Street,Carlton,Melbourne,3010,Victoria,Australia
ID0660546021,Hoddle Street,East Melbourne,Melbourne,3002,Victoria,Australia
ID0580090351,Brunswick Street,Fitzroy,Melbourne,3065,Victoria,Australia
ID0441586985,Star Circus,Docklands,Melbourne,3008,Victoria,Australia
ID0030948162,Victoria Street,Abbotsford,Melbourne,3067,Victoria,Australia
ID5776644660,Johnston Street,Abbotsford,Melbourne,3067,Victoria,Australia
ID2422395265,Johnston Street,West Melbourne,Melbourne,3003,Victoria,Australia
ID1479928144,Spencer Street,Melbourne,Melbourne,3000,Victoria,Australia
ID0746912568,Olympic Boulevard,Melbourne,Melbourne,3000,Victoria,Australia
ID3146808067,Hotham Street,East Melbourne,Melbourne,3002,Victoria,Australia
ID3072718451,Clarendon Street,Southbank,Melbourne,3006,Victoria,Australia
ID6167344539,Lonsdale Street,Melbourne,Melbourne,3000,Victoria,Australia
ID2187972535,Swanston Street,Melbourne,Melbourne,3000,Victoria,Australia
ID0846546260,St Kilda Road,Southbank,Melbourne,3004,Victoria,Australia
ID0711369897,Queen Street,Melbourne,Melbourne,3000,Victoria,Australia
ID1883302855,Munster Terrace,North Melbourne,Melbourne,3051,Victoria,Australia
ID6197209883,Enterprize Road,West Melbourne,Melbourne,3008,Victoria,Australia
ID2177124600,Bourke Street,Melbourne,Melbourne,3000,Victoria,Australia
ID5424203828,William Barak Bridge,Melbourne,Melbourne,3000,Victoria,Australia
ID0746912820,Kernot Road,Melbourne,Melbourne,3000,Victoria,Australia
ID0575572022,Main Yarra Trail Capital City Trail,Melbourne,Melbourne,3000,Victoria,Australia
ID2187975167,Collins Street,Melbourne,Melbourne,3000,Victoria,Australia
ID3161949462,Queen Street,Melbourne,Melbourne,3000,Victoria,Australia
ID0145246087,Austral Lane,Melbourne,Melbourne,3000,Victoria,Australia
ID0248746937,Swan Street,Richmond,Melbourne,3121,Victoria,Australia
ID1449297341,Wellington Parade,East Melbourne,Melbourne,3002,Victoria,Australia
ID0443274304,Coppin Street,Richmond,Melbourne,3121,Victoria,Australia
ID4716795994,Collins Street,Docklands,Melbourne,3008,Victoria,Australia
ID0591258186,South Wharf Promenade,South Wharf,Melbourne,3005,Victoria,Australia
ID6167236647,Lonsdale Lane,Melbourne,Melbourne,3000,Victoria,Australia
ID0571730335,Whiteman Street,Southbank,Melbourne,3005,Victoria,Australia
ID0030220445,Victoria Parade,Collingwood,Melbourne,3067,Victoria,Australia
ID4787373723,Collins Street,Melbourne,Melbourne,3000,Victoria,Australia
ID0847531131,Sturt Street,Southbank,Melbourne,3006,Victoria,Australia
ID2190483587,Elizabeth Street,Melbourne,Melbourne,3000,Victoria,Australia
ID2776391626,Sniders Lane,Melbourne,Melbourne,3000,Victoria,Australia
ID3191033045,Waratah Place,Melbourne,Melbourne,3000,Victoria,Australia
ID0452380689,West Gate Freeway,South Wharf,Melbourne,3005,Victoria,Australia
ID6167441045,Elizabeth Street,Melbourne,Melbourne,3000,Victoria,Australia
ID4061053480,Victoria Street,Abbotsford,Melbourne,3067,Victoria,Australia
ID0723956949,St Heliers Street,Abbotsford,Melbourne,3067,Victoria,Australia
ID0846591691,St Kilda Road,Southbank,Melbourne,3006,Victoria,Australia
ID0641026085,Anderson Court,West Melbourne,Melbourne,3003,Victoria,Australia
ID4804863479,Arden Street,Kensington,Melbourne,3031,Victoria,Australia
ID0579499378,Wurundjeri Way,Docklands,Melbourne,3008,Victoria,Australia
ID0844489469,Collins Street,Docklands,Melbourne,3008,Victoria,Australia
ID0560989608,Collins Street,Docklands,Melbourne,3008,Victoria,Australia
ID0598171691,Federation Square,Melbourne,Melbourne,3000,Victoria,Australia
ID6167440952,Collins Street,Melbourne,Melbourne,3000,Victoria,Australia
ID0387153022,Ireland Street,West Melbourne,Melbourne,3003,Victoria,Australia
ID0814520160,Little Lonsdale Street,Melbourne,Melbourne,3000,Victoria,Australia
ID3215106497,Rosslyn Street,West Melbourne,Melbourne,3003,Victoria,Australia
ID0227315916,Singleton Street,Collingwood,Melbourne,3066,Victoria,Australia
ID0247417837,Federation Square,Melbourne,Melbourne,3000,Victoria,Australia
ID0746912869,Olympic Boulevard,Melbourne,Melbourne,3000,Victoria,Australia
ID0362880089,O'Shanassy Street,North Melbourne,Melbourne,3051,Victoria,Australia
ID4428364714,Cardigan Street,Carlton,Melbourne,3053,Victoria,Australia
ID2191736651,Spencer Street,South Wharf,Melbourne,3005,Victoria,Australia
ID1449355155,Flinders Street,Melbourne,Melbourne,3000,Victoria,Australia
ID4391665571,Lonsdale Street,Melbourne,Melbourne,3000,Victoria,Australia
ID6197211592,CityLink,Docklands,Melbourne,3008,Victoria,Australia
ID4234925766,Drummond Street,Carlton,Melbourne,3053,Victoria,Australia
ID0702373553,Ireland Street,West Melbourne,Melbourne,3003,Victoria,Australia
ID2481930668,Nelson Street,Abbotsford,Melbourne,3067,Victoria,Australia
ID0368376953,Condell Street,Fitzroy,Melbourne,3065,Victoria,Australia
ID4326586205,Bourke Street,Melbourne,Melbourne,3000,Victoria,Australia
ID0660545559,St Helens Lane,East Melbourne,Melbourne,3002,Victoria,Australia
ID0581710140,Footscray Road,West Melbourne,Melbourne,3031,Victoria,Australia
ID0305909619,Studley Park Road,Kew,Melbourne,3067,Victoria,Australia
ID0591400647,William Street,Melbourne,Melbourne,3000,Victoria,Australia
ID0589708357,Flinders Street,Melbourne,Melbourne,3000,Victoria,Australia
ID2686224593,Baker Street,Richmond,Melbourne,3121,Victoria,Australia
ID1881118492,Elizabeth Street,Melbourne,Melbourne,3010,Victoria,Australia
ID0577456441,Brunton Avenue,Melbourne,Melbourne,3000,Victoria,Australia
ID1463547112,Bridge Road,Richmond,Melbourne,3121,Victoria,Australia
ID0248747000,Rowena Parade,Richmond,Melbourne,3121,Victoria,Australia
ID0214124364,Finhaven Court,Kew,Melbourne,3121,Victoria,Australia
ID0471441541,Youngs Place,Carlton,Melbourne,3053,Victoria,Australia
ID0408099017,Wellington Street,East Melbourne,Melbourne,3002,Victoria,Australia
ID6167344601,Lonsdale Street,Melbourne,Melbourne,3000,Victoria,Australia
ID0164086163,Uniacke Court,Melbourne,Melbourne,3000,Victoria,Australia
ID0634784215,Newquay Promenade,Docklands,Melbourne,3008,Victoria,Australia
ID1497170573,Margaret Street,Richmond,Melbourne,3121,Victoria,Australia
ID1479905341,Kings Way,Melbourne,Melbourne,3000,Victoria,Australia
ID0591354261,Little Dock Lane,Docklands,Melbourne,3008,Victoria,Australia
ID2948774567,Spring Street,Melbourne,Melbourne,3000,Victoria,Australia
ID1985549822,Lygon Street,Carlton,Melbourne,3053,Victoria,Australia
ID0723965013,St Heliers Street,Abbotsford,Melbourne,3067,Victoria,Australia
ID0579512268,Wurundjeri Way,Docklands,Melbourne,3008,Victoria,Australia
ID1833875775,Turner Street,West Melbourne,Melbourne,3003,Victoria,Australia
ID0663120884,Flemington Road,North Melbourne,Melbourne,3050,Victoria,Australia
ID5002595022,La Trobe Street,West Melbourne,Melbourne,3003,Victoria,Australia
ID0579401863,Capital City Trail Main Yarra Trail,Melbourne,Melbourne,3000,Victoria,Australia
ID6207067487,Cardigan Street,Carlton,Melbourne,3053,Victoria,Australia
ID0247298483,Elizabeth Street,Melbourne,Melbourne,3010,Victoria,Australia
ID6167359485,Macarthur Street,East Melbourne,Melbourne,3002,Victoria,Australia
ID2776664749,South Wharf Promenade,South Wharf,Melbourne,3005,Victoria,Australia
ID0283334267,Peel Street,North Melbourne,Melbourne,3051,Victoria,Australia
ID0581713855,Footscray Road,West Melbourne,Melbourne,3031,Victoria,Australia
ID0332127537,Vere Street,Collingwood,Melbourne,3066,Victoria,Australia
ID6167417928,Bourke Street,Melbourne,Melbourne,3000,Victoria,Australia
ID6207152062,Victoria Parade,Fitzroy,Melbourne,3002,Victoria,Australia
ID3222703104,Blackwood Street,North Melbourne,Melbourne,3051,Victoria,Australia
ID6167489415,William Street,Melbourne,Melbourne,3000,Victoria,Australia
ID0582156569,Racecourse Road,Kensington,Melbourne,3031,Victoria,Australia
ID0302567006,Napier Street,Fitzroy,Melbourne,3065,Victoria,Australia
ID0767723734,Melbourne Museum Car Park,Carlton,Melbourne,3053,Victoria,Australia
ID0176736472,Little Collins Street,Melbourne,Melbourne,3000,Victoria,Australia
ID2133726646,Dudley Street,Docklands,Melbourne,3008,Victoria,Australia
ID0030385747,Punt Road,Richmond,Melbourne,3121,Victoria,Australia
ID3640164979,Kelvin Place,Carlton,Melbourne,3010,Victoria,Australia
ID0287629361,Little Errol Street,North Melbourne,Melbourne,3051,Victoria,Australia
ID2190566775,Elizabeth Street,Melbourne,Melbourne,3000,Victoria,Australia
ID0664372298,Spencer Street,Southbank,Melbourne,3084,Victoria,Australia
ID0576873448,Punt Road,Melbourne,Melbourne,3000,Victoria,Australia
ID4716795474,Spencer Street,Docklands,Melbourne,3000,Victoria,Australia
ID4260094037,Yarra Promenade,Southbank,Melbourne,3005,Victoria,Australia
ID1224821946,Star Circus,Docklands,Melbourne,3008,Victoria,Australia
ID3085953524,Punt Road,Richmond,Melbourne,3121,Victoria,Australia
ID4120677317,Swanston Street,Melbourne,Melbourne,3000,Victoria,Australia
ID0628177290,Dudley Street,Docklands,Melbourne,3008,Victoria,Australia
ID0332794366,Grosvenor Street,Abbotsford,Melbourne,3121,Victoria,Australia
ID0547586455,Bonkers Lane,East Melbourne,Melbourne,3002,Victoria,Australia
ID0441587008,Star Circus,Docklands,Melbourne,3008,Victoria,Australia
ID6167489442,Lonsdale Street,Melbourne,Melbourne,3000,Victoria,Australia
ID0031477169,Smith Street,Fitzroy,Melbourne,3066,Victoria,Australia
ID4655129061,Stanley Street,West Melbourne,Melbourne,3003,Victoria,Australia
ID0844460328,Harbour Esplanade,Docklands,Melbourne,3008,Victoria,Australia
ID1030460066,Little Bourke Street,Melbourne,Melbourne,3000,Victoria,Australia
ID4326586183,Elizabeth Street,Melbourne,Melbourne,3000,Victoria,Australia
ID5002595128,King Street,West Melbourne,Melbourne,3003,Victoria,Australia
ID0580000127,Footscray Road,West Melbourne,Melbourne,3031,Victoria,Australia
ID3208518281,Argyle Place East,Carlton,Melbourne,3053,Victoria,Australia
ID0664378915,Southbank Promenade,Southbank,Melbourne,3006,Victoria,Australia
ID0579502235,Spencer Street,Docklands,Melbourne,3008,Victoria,Australia
ID0575524447,Brunton Avenue,East Melbourne,Melbourne,3000,Victoria,Australia
ID3146813281,Cathedral Place,East Melbourne,Melbourne,3002,Victoria,Australia
ID0581750598,Footscray Road,West Melbourne,Melbourne,3031,Victoria,Australia
ID3222652699,Browns Hill Place,West Melbourne,Melbourne,3031,Victoria,Australia
ID0575388261,Brunton Avenue,East Melbourne,Melbourne,3000,Victoria,Australia
ID0777788328,William Street,West Melbourne,Melbourne,3051,Victoria,Australia
ID1449295035,Wellington Parade,East Melbourne,Melbourne,3002,Victoria,Australia
ID0267314863,Alexandra Avenue,South Yarra,Melbourne,3004,Victoria,Australia
ID0595857779,Spring Street,Melbourne,Melbourne,3000,Victoria,Australia
ID0493051199,Cromwell Street,Collingwood,Melbourne,3066,Victoria,Australia
ID0774545657,Victoria Street,North Melbourne,Melbourne,3031,Victoria,Australia
ID1479897586,Flinders Street,Melbourne,Melbourne,3000,Victoria,Australia
ID4315295098,Moorhouse Street,Richmond,Melbourne,3121,Victoria,Australia
ID0283334330,Arden Street,North Melbourne,Melbourne,3051,Victoria,Australia
ID1132014900,Harbour Esplanade,Docklands,Melbourne,3008,Victoria,Australia
ID0845692578,St Kilda Road,Melbourne,Melbourne,3000,Victoria,Australia
ID1131986160,Harbour Esplanade,Docklands,Melbourne,3008,Victoria,Australia
ID0370750441,Hotham Street,East Melbourne,Melbourne,3002,Victoria,Australia
ID0294622368,Flinders Walk,Melbourne,Melbourne,3000,Victoria,Australia
ID0443310353,Victoria Harbour Promenade,Fitzroy,Melbourne,3196,Victoria,Australia
ID1458422301,Murphy Street,Richmond,Melbourne,3121,Victoria,Australia
ID0579988733,Dryburgh Street,West Melbourne,Melbourne,3003,Victoria,Australia
ID3204395234,Roden Street,West Melbourne,Melbourne,3003,Victoria,Australia
ID0746912561,Olympic Boulevard,Melbourne,Melbourne,3000,Victoria,Australia
ID0708722778,Queen Street,Melbourne,Melbourne,3000,Victoria,Australia
ID0560986727,Merchant Street,Docklands,Melbourne,3008,Victoria,Australia
ID0387153036,Roden Street,West Melbourne,Melbourne,3003,Victoria,Australia
ID0207085372,Main Yarra Trail Capital City Trail,Richmond,Melbourne,3121,Victoria,Australia
ID0145246025,Roeszler Lane,Melbourne,Melbourne,3000,Victoria,Australia
ID4313862234,Napier Lane,Richmond,Melbourne,3121,Victoria,Australia
ID4716795464,Spencer Street,Docklands,Melbourne,3000,Victoria,Australia
ID1479897545,Flinders Street,Melbourne,Melbourne,3000,Victoria,Australia
ID2670903131,Lincoln Square South,Carlton,Melbourne,3010,Victoria,Australia
ID5301568561,Wurundjeri Way,West Melbourne,Melbourne,3003,Victoria,Australia
ID0579988732,Dryburgh Street,West Melbourne,Melbourne,3003,Victoria,Australia
ID0641022145,Finhaven Court,West Melbourne,Melbourne,3003,Victoria,Australia
ID5002595148,Jeffcott Street,West Melbourne,Melbourne,3003,Victoria,Australia
ID2173278062,Marvel Stadium External Concourse (Level 1),Docklands,Melbourne,3008,Victoria,Australia
ID0635492069,Hardware Lane,Docklands,Melbourne,3008,Victoria,Australia
ID0030948020,Lambert Street,Richmond,Melbourne,3121,Victoria,Australia
ID0282825865,Leveson Street,North Melbourne,Melbourne,3051,Victoria,Australia
ID5301568584,Wurundjeri Way,West Melbourne,Melbourne,3003,Victoria,Australia
ID0387153064,Arden Street,North Melbourne,Melbourne,3051,Victoria,Australia
ID2096325809,Wreckyn Street,North Melbourne,Melbourne,3051,Victoria,Australia
ID0711333661,Queen Street,Melbourne,Melbourne,3000,Victoria,Australia
ID1479897585,Flinders Street,Melbourne,Melbourne,3000,Victoria,Australia
ID0457365601,Alexandra Avenue,Melbourne,Melbourne,3004,Victoria,Australia
ID1217532720,Marvel Stadium External Concourse (Level 1),Docklands,Melbourne,3008,Victoria,Australia
ID6167417933,Little Queen Street,Melbourne,Melbourne,3000,Victoria,Australia
ID1124133088,Burnley Street,Richmond,Melbourne,3121,Victoria,Australia
ID0774518101,Elizabeth Street,Melbourne,Melbourne,3000,Victoria,Australia
ID4110789025,Victoria Street,Abbotsford,Melbourne,3067,Victoria,Australia
ID6167357859,Spring Street,Melbourne,Melbourne,3000,Victoria,Australia
ID0579380269,Lorimer Street,Port Melbourne,Melbourne,3207,Victoria,Australia
ID0598401526,Elizabeth Street,Melbourne,Melbourne,3000,Victoria,Australia
ID0060653715,Harbour Esplanade,Docklands,Melbourne,3008,Victoria,Australia
ID1224804764,Star Circus,Docklands,Melbourne,3008,Victoria,Australia
ID6167231018,Spencer Street,Docklands,Melbourne,3008,Victoria,Australia
ID0628173794,Dudley Street,Docklands,Melbourne,3008,Victoria,Australia
ID1463620508,Lennox Street,Richmond,Melbourne,3121,Victoria,Australia
ID0287630727,Silk Place,West Melbourne,Melbourne,3003,Victoria,Australia
ID1449431625,Collins Street,Melbourne,Melbourne,3000,Victoria,Australia
ID0781005396,Chetwynd Street,North Melbourne,Melbourne,3051,Victoria,Australia
ID0579498247,Garfield Street,Docklands,Melbourne,3008,Victoria,Australia
ID0475511486,Arden Street,North Melbourne,Melbourne,3051,Victoria,Australia
ID1224821948,Smith Street,Docklands,Melbourne,3008,Victoria,Australia
ID0248746690,Hoddle Street,Richmond,Melbourne,3121,Victoria,Australia
ID0319157921,Hudson Place,Carlton,Melbourne,3053,Victoria,Australia
ID0202779119,Footscray Road,West Melbourne,Melbourne,3031,Victoria,Australia
ID6167357850,Albert Street,East Melbourne,Melbourne,3002,Victoria,Australia
ID0664378727,Jeffcott Street,Southbank,Melbourne,3615,Victoria,Australia
ID4342425839,Batman Avenue,Melbourne,Melbourne,3000,Victoria,Australia
ID3148693051,Meyers Place,Melbourne,Melbourne,3000,Victoria,Australia
ID0746922230,Park Street,Melbourne,Melbourne,3000,Victoria,Australia
ID2700682440,Capital City Trail / Main Yarra Trail,Melbourne,Melbourne,3004,Victoria,Australia
ID0419481490,Bridge Road,Richmond,Melbourne,3121,Victoria,Australia
ID1463620827,Church Street,Richmond,Melbourne,3121,Victoria,Australia
ID0583243026,Treasury Place,East Melbourne,Melbourne,3002,Victoria,Australia
ID0711334399,Queen Street,Melbourne,Melbourne,3000,Victoria,Australia
ID0589426209,Albert Street,East Melbourne,Melbourne,3002,Victoria,Australia
ID0781083679,Park Avenue,Richmond,Melbourne,3121,Victoria,Australia
ID0583242792,Wellington Parade,East Melbourne,Melbourne,3000,Victoria,Australia
ID0055931048,Bourke Street Footbridge,Docklands,Melbourne,3008,Victoria,Australia
ID0255058365,Bourke Street,Melbourne,Melbourne,3000,Victoria,Australia
ID1449431621,Spring Street,Melbourne,Melbourne,3000,Victoria,Australia
ID5096779238,Rathdowne Street,Carlton,Melbourne,3053,Victoria,Australia
ID2702095693,Victoria Parade,East Melbourne,Melbourne,3002,Victoria,Australia
ID0554206047,Lloyd Street,Kensington,Melbourne,3031,Victoria,Australia
ID0131221827,Hardware Lane,Melbourne,Melbourne,3001,Victoria,Australia
ID0373651915,Coode Road,West Melbourne,Melbourne,3008,Victoria,Australia
ID0306969480,Docklands Drive,Docklands,Melbourne,3008,Victoria,Australia
ID0575380979,Brunton Avenue,East Melbourne,Melbourne,3000,Victoria,Australia
ID0591435914,Flinders Walk,Melbourne,Melbourne,3000,Victoria,Australia
ID4157116186,Bridge Road,Richmond,Melbourne,3121,Victoria,Australia
ID0777746930,Peel Street,North Melbourne,Melbourne,3050,Victoria,Australia
ID6167344502,Victoria Street,Melbourne,Melbourne,3000,Victoria,Australia
ID0636756265,Wurundjeri Way,Docklands,Melbourne,3008,Victoria,Australia
ID0781096031,Dryburgh Street,North Melbourne,Melbourne,3051,Victoria,Australia
ID0777829842,Elizabeth Street,Melbourne,Melbourne,3000,Victoria,Australia
ID2187770703,Little Bourke Street,Melbourne,Melbourne,3000,Victoria,Australia
ID1668523258,Queensbridge Square,Southbank,Melbourne,3006,Victoria,Australia
ID0579512331,Wurundjeri Way,Docklands,Melbourne,3008,Victoria,Australia
ID1449355173,Flinders Street,Melbourne,Melbourne,3000,Victoria,Australia
ID0664377812,Vickers Drive,Southbank,Melbourne,3152,Victoria,Australia
ID0581709069,Footscray Road,West Melbourne,Melbourne,3031,Victoria,Australia
ID0846566052,Southbank Boulevard,Southbank,Melbourne,3006,Victoria,Australia
ID0364860960,Treasury Place,Fitzroy,Melbourne,3683,Victoria,Australia
ID4061053441,Victoria Street,Abbotsford,Melbourne,3067,Victoria,Australia
ID5727168141,Olympic Boulevard,Melbourne,Melbourne,3000,Victoria,Australia
ID5668009784,Main Yarra Trail Capital City Trail,Abbotsford,Melbourne,3067,Victoria,Australia
ID0387152985,Miller Street,West Melbourne,Melbourne,3003,Victoria,Australia
ID4391710425,Collins Street,Melbourne,Melbourne,3000,Victoria,Australia
ID0052450505,CityLink,North Melbourne,Melbourne,3031,Victoria,Australia
ID0579382918,Lorimer Street,Docklands,Melbourne,3008,Victoria,Australia
ID0207085221,Main Yarra Trail Capital City Trail,Richmond,Melbourne,3121,Victoria,Australia
ID2975216740,Elizabeth Street,Melbourne,Melbourne,3010,Victoria,Australia
ID1287239241,Lygon Street,Carlton,Melbourne,3053,Victoria,Australia
ID0591233135,Clarendon Street,South Wharf,Melbourne,3006,Victoria,Australia
ID0650268095,Spring Street,East Melbourne,Melbourne,3002,Victoria,Australia
ID0664372087,Jeffcott Street,Southbank,Melbourne,3543,Victoria,Australia
ID6167357873,Spring Street,East Melbourne,Melbourne,3002,Victoria,Australia
ID0495761839,George Street,Fitzroy,Melbourne,3065,Victoria,Australia
ID6167417927,William Street,Melbourne,Melbourne,3000,Victoria,Australia
ID4061053453,Victoria Street,Abbotsford,Melbourne,3121,Victoria,Australia
ID1463620750,Bridge Road,Richmond,Melbourne,3121,Victoria,Australia
ID6167191734,Collins Street,Melbourne,Melbourne,3000,Victoria,Australia
ID0257506567,Elizabeth Street,Melbourne,Melbourne,3010,Victoria,Australia
ID3420939994,Young Street,Fitzroy,Melbourne,3065,Victoria,Australia
ID0728165678,Burnley Street,Richmond,Melbourne,3121,Victoria,Australia
ID0054552160,Brunton Avenue,East Melbourne,Melbourne,3000,Victoria,Australia
ID4723274545,Victoria Parade,Fitzroy,Melbourne,3002,Victoria,Australia
ID0777783233,Capel Street,North Melbourne,Melbourne,3051,Victoria,Australia
ID1445498760,Wellington Parade,East Melbourne,Melbourne,3002,Victoria,Australia
ID0233275028,Fitzroy Street,Fitzroy,Melbourne,3065,Victoria,Australia
ID0452381035,Wright Walk,South Wharf,Melbourne,3006,Victoria,Australia
ID0400738477,Little Docklands Drive,Docklands,Melbourne,3008,Victoria,Australia
ID2209383387,Grattan Street,Melbourne,Melbourne,3000,Victoria,Australia
ID1953969337,Leicester Street,Carlton,Melbourne,3053,Victoria,Australia
ID1283628996,Grattan Street,Melbourne,Melbourne,3000,Victoria,Australia
ID4754200396,Enterprize Road,West Melbourne,Melbourne,3008,Victoria,Australia
ID2279006915,Bourke Street,Melbourne,Melbourne,3000,Victoria,Australia
ID2288769476,St Heliers Street,Abbotsford,Melbourne,3067,Victoria,Australia
ID0591430025,Flinders Street,Melbourne,Melbourne,3000,Victoria,Australia
ID6024224415,Buckley Walk,Docklands,Melbourne,3008,Victoria,Australia
ID2187983885,Bourke Street,Melbourne,Melbourne,3000,Victoria,Australia
ID0400812560,South Wharf Promenade,South Wharf,Melbourne,3005,Victoria,Australia
ID0452380996,Wright Walk,South Wharf,Melbourne,3006,Victoria,Australia
ID0356099095,Rowena Parade,Richmond,Melbourne,3121,Victoria,Australia
ID0702365654,Ireland Street,West Melbourne,Melbourne,3003,Victoria,Australia
ID5668043850,Boathouse Road,Kew,Melbourne,3067,Victoria,Australia
ID6167441031,Elizabeth Street,Melbourne,Melbourne,3000,Victoria,Australia
ID0052450505,CityLink,North Melbourne,Melbourne,3031,Victoria,Australia
ID0245537608,Constance Stone Lane,Melbourne,Melbourne,3000,Victoria,Australia
ID0777829305,Elizabeth Street,Melbourne,Melbourne,3000,Victoria,Australia
ID0634785679,Docklands Drive,Docklands,Melbourne,3008,Victoria,Australia
ID0245807242,Kernot Road,Parkville,Melbourne,3010,Victoria,Australia
ID0250933641,Duke Street,Richmond,Melbourne,3121,Victoria,Australia
ID0844490198,Batmans Hill Drive,Docklands,Melbourne,3008,Victoria,Australia
ID0244241458,Canning Street,Carlton,Melbourne,3503,Victoria,Australia
ID1808484519,Turner Street,Port Melbourne,Melbourne,3207,Victoria,Australia
ID4294474620,Fitzroy Street,Fitzroy,Melbourne,3065,Victoria,Australia
ID3215192035,Roden Street,West Melbourne,Melbourne,3003,Victoria,Australia
ID0711745634,Marvel Stadium External Concourse (Level 1),Docklands,Melbourne,3008,Victoria,Australia
ID3208518274,Lygon Street,Carlton,Melbourne,3053,Victoria,Australia
ID0589449505,Nicholson Street,East Melbourne,Melbourne,3002,Victoria,Australia
ID6167357842,Hotham Street,Carlton,Melbourne,3053,Victoria,Australia
ID0634783923,Star Circus,Docklands,Melbourne,3008,Victoria,Australia